key,en,my,mnw
nav_home,Home,ပင်မ,သ္ၚိ
nav_docs,Docs,စာရွက်စာတမ်း,လိခ်ဗွဟ်
nav_about,About,အကြောင်း,ပရူ
nav_feedback,Feedback,တုံ့ပြန်ချက်,တင်တုံ့ပြန်
nav_contribute,Contribute,ပါဝင်ကူညီရန်,ဗိုင်ရီုညိ
nav_toggle_menu,Toggle Menu,မီနူး ဖွင့်/ပိတ်,ပံက်/ကၟာတ် မီနူး
nav_close_menu,Close Menu,မီနူး ပိတ်ရန်,ကၟာတ် မီနူး
footer_copy,© {year} MonOCR Project. Preserving Mon Heritage.,© {year} မွန် OCR ပရောဂျက်။ မွန်အမွေအနှစ် ထိန်းသိမ်းစောင့်ရှောက်ရေး။,© {year} ပရဝ်ဂျေသူ MonOCR သွက်ဂွံမင်မွဲအာ လိခ်မန်။
footer_tech,Open Source OCR running in your browser. Using {ocrs} and {onnx}.,ဘရောက်ဇာတွင် အသုံးပြုနိုင်သော Open Source OCR။ {ocrs} နှင့် {onnx} ကို အသုံးပြုထားသည်။,ဒှ် Open Source သွက်ဂွံစကာအာ ပ္ဍဲကဵု browser။ စကာလဝ် {ocrs} ကဵု {onnx}။
footer_github,GitHub,GitHub,GitHub
nav_privacy,Privacy,ကိုယ်ရေးလုံခြုံမှု,ပဝ်တန်အေစီ
nav_mon_heritage,Vulnerable Language,ထိန်းသိမ်းရန် လိုအပ်သော ဘာသာစကား,ဘာသာ မဒးမင်မွဲ
about_title,About MonOCR,မွန် OCR အကြောင်း,ပရူ MonOCR
about_vulnerable,Mon (mnw) is my mother tongue. It is currently classified as a vulnerable language by UNESCO.,မွန်ဘာသာစကား (mnw) သည် ကျွန်ုပ်၏ မိခင်ဘာသာစကား ဖြစ်သည်။ လက်ရှိတွင် UNESCO မှ ထိန်းသိမ်းရန် လိုအပ်သော ဘာသာစကားအဖြစ် သတ်မှတ်ထားသည်။,ဘာသာမန် (mnw) ဂှ် ဒှ်အရေဝ်မိအဲရ။ ပ္ဍဲအခိင်လၟုဟ် ညးစကာအောန်စှ်ေကၠုင်တုဲ UNESCO ဟီုလဝ် ဒှ်ဘာသာ မဒးမင်မွဲရ။
about_digital_presence,The biggest challenge is the lack of digital presence for Mon. This makes AI development difficult since most texts are in scanned books.,အကြီးမားဆုံး စိန်ခေါ်မှုမှာ မွန်ဘာသာစကား၏ ဒစ်ဂျစ်တယ် တည်ရှိမှု နည်းပါးခြင်းဖြစ်သည်။ ထို့ကြောင့် AI ဖွံ့ဖြိုးတိုးတက်မှုအတွက် ခက်ခဲစေသည်။,ပြသနာဇၞော်အိုတ်ဂှ် ပ္ဍဲကဵုလောက ဒစ်ဂျစ်တယ်ဂှ် လိခ်မန်ပိုဲ နွံအောန်ကွေဟ်ရ။ ဟိုတ်ဂှ်တုဲ သွက်ဂွံပတုဲအာ ကမၠောန် AI ဂှ် ဝါတ်ဂါတ်ဒၟံင်ရ။ လိခ်ပိုဲ ဗွဲမဂၠိုင်ဂှ် နွံဒၟံင် ပ္ဍဲကဵု လိခ်ကၞပ် စကင်န်တအ်ရ။
about_effort,"To increase digital presence, I developed this OCR engine. It uses MobileNetV3 + BiLSTM for efficient inference.",ဒစ်ဂျစ်တယ် တည်ရှိမှု တိုးတက်စေရန် ဤ OCR အင်ဂျင်ကို တည်ဆောက်ခဲ့သည်။ MobileNetV3 + BiLSTM ကို အသုံးပြုထားသည်။,သွက်ဂွံဇမြော်ပတိုန် လိခ်မန် ပ္ဍဲလောက ဒစ်ဂျစ်တယ်ဂှ် အဲဇန်လဝ် အင်ဂျင် OCR သွက်ဂွံဗှ်လိခ်မန်ရ။ မော်ဒယ်လၟုဟ်ဝွံ စကာလဝ် MobileNetV3 + BiLSTM သွက်ဂွံဗှ်လိခ်မန် ညံင်ဂွံဂွံတင်ဂုဏ်ဖိုလ်ရ။
about_inference,The engine uses ONNX Runtime Web to run locally in your browser. Your data never leaves your device.,ဤအင်ဂျင်သည် ONNX Runtime Web ကို အသုံးပြု၍ သင့်ဘရောက်ဇာတွင် တိုက်ရိုက် အလုပ်လုပ်ပါသည်။ သင်၏ အချက်အလက်များ ပြင်ပသို့ မရောက်ရှိပါ။,အင်ဂျင်ဝွံ စကာလဝ် ONNX Runtime Web တုဲ ကၠောန်ကမၠောန် ပ္ဍဲဘရောက်ဇာ မၞးရ။ ဟွံဒးပလံင် တင်ဂရင် ပ္ဍဲဆာဗာတုဲ နွံကဵုဂီုက္ဍဟ်ရ။
about_hope,"MonOCR aims to bridge the gap between physical texts and digital data, enabling new educational possibilities.",မွန် OCR သည် စာအုပ်များမှ အချက်အလက်များကို ဒစ်ဂျစ်တယ်အဖြစ်သို့ ပြောင်းလဲပေးရန် ရည်ရွယ်သည်။,ဣဝွံ ဒှ်ကမၠောန် ဍောတ်တ်မွဲကီုလေဝ် အဲမိက်ဂွံကဵု MonOCR ဂှ် ဗိုင်ရီု သွက်ဂွံပြံင်လှာဲ လိခ်ပိုဲ ညံင်ဂွံဒှ် ဒစ်ဂျစ်တယ်တုဲ ဖန်ဗဒှ်အာ သွက်ပညာတၟိတၟိတအ်ရ။
docs_title,Documentation,စာရွက်စာတမ်းများ,လိခ်ဗွဟ်
docs_getting_started,Getting Started,စတင်အသုံးပြုခြင်း,စပ္တံ
docs_getting_started_desc,MonOCR Web works directly in your browser. No installation required. Upload an image or PDF to start.,မွန် OCR Web သည် ဘရောက်ဇာတွင် တိုက်ရိုက် အလုပ်လုပ်ပါသည်။ ဆော့ဖ်ဝဲလ် ထည့်သွင်းရန် မလိုပါ။,MonOCR Web ဂှ် ကၠောန်ကမၠောန် ပ္ဍဲဘရောက်ဇာရ။ ဟွံဒးစုတ် software။ စုတ်ပ္တိုန်ရုပ် သာ်ဟွံသေင် PDF တုဲ စကာမာန်ရ။
docs_usage,How to Use,အသုံးပြုနည်း,နဲစကာ
docs_usage_step1,1. Select an image or PDF file.,၁။ ပုံ သို့မဟုတ် PDF ဖိုင်ကို ရွေးပါ။,၁။ ရွေးစုတ် ဖိုင်ရုပ် သာ်ဟွံသေင် PDF။
docs_usage_step2,2. Wait for the model to download (once).,၂။ မော်ဒယ် ဒေါင်းလုဒ်ဆွဲသည်အထိ ခဏစောင့်ပါ။,၂။ မင်ကဵု မော်ဒယ် ဒေါင်းလုဒ် တုဲဒှ်ညိ။
docs_usage_step3,3. Review the extracted text.,၃။ ထွက်ပေါ်လာသော စာသားကို စစ်ဆေးပါ။,၃။ စၟဳစၟတ် တင်လိခ် မတိတ်ကၠုင်ဂှ်ညိ။
docs_usage_step4,4. Copy or download the result.,၄။ ကူးယူပါ သို့မဟုတ် ဒေါင်းလုဒ်ဆွဲပါ။,၄။ ကွုတ် သာ်ဟွံသေင် ဒေါင်းလုဒ် တင်ဂှ်ညိ။
docs_privacy,Privacy & Security,ကိုယ်ရေးအချက်အလက် လုံခြုံမှု,ဂီုက္ဍဟ်
docs_privacy_desc,All processing happens on your machine. No files are uploaded to the internet.,လုပ်ငန်းစဉ်အားလုံးသည် သင့်စက်ထဲတွင်သာ အလုပ်လုပ်ပါသည်။ ဖိုင်များကို အင်တာနက်ပေါ်သို့ ပေးပို့ခြင်း မရှိပါ။,ကမၠောန်ဖအိုတ်ဂှ် ကၠောန်ဒၟံင် ပ္ဍဲစက်မၞးရ။ ဟွံဒးပလံင် ဖိုင် ပ္ဍဲအေန်တာနေတ်ရ။
main_hero,Mon OCR Project for preserving Mon language in the digital age.,မွန်ဘာသာစကားကို ဒစ်ဂျစ်တယ်ခေတ်တွင် ထိန်းသိမ်းရန် မွန် OCR ပရောဂျက်။,ပရဝ်ဂျေသူ Mon OCR သွက်ဂွံမင်မွဲအာ လိခ်မန် ပ္ဍဲလောက ဒစ်ဂျစ်တယ်ရ။
main_requirements,Requirements: Modern browser with hardware acceleration and 4GB+ RAM.,လိုအပ်ချက်များ - ခေတ်မီ ဘရောက်ဇာနှင့် 4GB+ RAM လိုအပ်သည်။,နိးနွံပၟိက် - Browser ခိုဟ်ဟ် ကဵု hardware acceleration ကေုာံ 4GB+ RAM ရ။
main_model_info,Model file (26.3MB) is downloaded once and works offline.,မော်ဒယ်ဖိုင် (26.3MB) ကို တစ်ကြိမ်သာ ဒေါင်းလုဒ်ဆွဲရန် လိုအပ်ပြီး အော့ဖ်လိုင်း အသုံးပြုနိုင်သည်။,မော်ဒယ်ဖိုင် (26.3MB) ဂှ် ဒေါင်းလုဒ် ဆွဲမွဲဝါတုဲ စကာအော့ဖ်လိုင်းမာန်ရ။
main_loading_model,Loading model from Hugging Face... (Please wait),မော်ဒယ်ကို ဒေါင်းလုဒ်ဆွဲနေသည်... (ခဏစောင့်ပါ),ဒေါင်းလုဒ် ဆွဲမံင် မော်ဒယ် နူ Hugging Face... (ခဏမင်ညိ)
main_engine_ready,Engine ready (Cached for offline use),အင်ဂျင် အဆင်သင့်ဖြစ်ပါပြီ (အော့ဖ်လိုင်း အသုံးပြုနိုင်ရန် သိမ်းထားပြီး),အင်ဂျင် အဆင်ပြေယျ (သိမ်းလဝ် သွက်ဂွံစကာ အော့ဖ်လိုင်း)
main_process_another,Process Another,အသစ် တစ်ကြိမ် ပြန်လုပ်ရန်,စကာတၟိမွဲဝါပၠန်
main_extracted_text,Extracted Text,ထွက်ပေါ်လာသော စာသား,တင်လိခ် မတိတ်ကၠုင်
main_words,Words,စကားလုံး,မလိခ်
main_chars,Chars,စာလုံး,မလိခ်
main_no_text,No text detected,စာသား မတွေ့ပါ,ဟွံဂွံ တင်လိခ်
main_save_text,Save as Text File,ဖိုင်အဖြစ် သိမ်းဆည်းရန်,သိမ်းလဝ် နကဵု ဖိုင်လိခ်
main_copy_clipboard,Copy,ကူးယူရန်,ကွုတ်
main_copied,Copied!,ကူးယူပြီးပါပြီ!,ကွုတ်တုဲယျ!
main_scanning,Scanning...,စစ်ဆေးနေသည်...,စၟဳစၟတ်မံင်...
main_processing_page,Processing page {current} of {total}...,စာမျက်နှာ {current} ကို {total} ထဲမှ လုပ်ဆောင်နေသည်...,ကၠောန်မံင် မုက်လိခ် {current} ပ္ဍဲ {total}...
error_engine_load,OCR Engine failed to load - {msg},OCR အင်ဂျင် အလုပ်မလုပ်ပါ - {msg},အင်ဂျင် OCR စကာဟွံဂွံ - {msg}
error_file_large,File is too large (max {max}MB),ဖိုင် အရွယ်အစား ကြီးလွန်းသည် (အများဆုံး {max}MB),ဖိုင်ဇၞော်လောန်အာ (အောန်အိုတ် {max}MB)
error_file_type,"Invalid file type. Use JPG, PNG, WEBP, or PDF.","ဖိုင်အမျိုးအစား မှားယွင်းနေသည်။ JPG, PNG, WEBP, PDF သာ အသုံးပြုပါ။","ဖိုင်ဟွံဒး။ စကာ JPG, PNG, WEBP, PDF ညိ။"
error_pdf_failed,PDF processing failed - {msg},PDF လုပ်ဆောင်မှု မအောင်မြင်ပါ - {msg},PDF ကၠောန်ဟွံဂွံ - {msg}
error_ocr_failed,OCR failed - {msg},OCR လုပ်ဆောင်မှု မအောင်မြင်ပါ - {msg},OCR ကၠောန်ဟွံဂွံ - {msg}
footer_platform,Platform,ပလက်ဖောင်း,ပလက်ဖောင်း
footer_community,Community,လူမှုအသိုင်းအဝိုင်း,ဂကောံ
footer_legal,Legal,ဥပဒေရေးရာ,သၞောဝ်
footer_api_docs,API Docs,API စာရွက်စာတမ်း,လိခ်ဗွဟ် API
footer_integrations,Integrations,ချိတ်ဆက်မှုများ,ပံင်ဗစိုပ်
footer_heritage_projects,Heritage Projects,အမွေအနှစ် ပရောဂျက်များ,ပရဝ်ဂျေသူ အာဲကၟာဲ
footer_guidelines,Guidelines,လမ်းညွှန်ချက်များ,တင်စညး
footer_forum,Forum,ဖိုရမ်,ဝိုင်ဓရီု
footer_privacy,Privacy Policy,ကိုယ်ရေးကိုယ်တာ မူဝါဒ,အခေါင်ပူဂိုလ်
footer_terms,Terms of Service,စည်းကမ်းချက်များ,တင်စညး
footer_twitter,Twitter,Twitter,Twitter
footer_linkedin,LinkedIn,LinkedIn,LinkedIn
footer_tagline,A production-grade OCR system for Mon language preservation.,မွန်ဘာသာစကား ထိန်းသိမ်းရန် OCR စနစ် ဖြစ်သည်။,ဒှ်စနစ် OCR မွဲ သွက်ဂွံမင်မွဲအာ လိခ်မန် ပ္ဍဲကဵု ဒၞာဲဒ္စာံ။
